state,district,mukim
Johor,Batu Pahat,Mukim Bagan
Johor,Batu Pahat,Mukim Chaah Bahru
Johor,Batu Pahat,Mukim Kampung Bahru
Johor,Batu Pahat,Mukim Linau
Johor,Batu Pahat,Mukim Lubok
Johor,Batu Pahat,Mukim Minyak Beku
Johor,Batu Pahat,Mukim Peserai
Johor,Batu Pahat,Mukim Simpang Kanan
Johor,Batu Pahat,Mukim Simpang Kiri
Johor,Batu Pahat,Mukim Sri Gading
Johor,Batu Pahat,Mukim Sri Medan
Johor,Batu Pahat,Mukim Sungai Kluang
Johor,Batu Pahat,Mukim Sungai Punggor
Johor,Batu Pahat,Mukim Tanjung Sembrong
Johor,Johor Bahru,Bandar Johor Bahru
Johor,Johor Bahru,Mukim Jelutong
Johor,Johor Bahru,Mukim Plentong
Johor,Johor Bahru,Mukim Pulai
Johor,Johor Bahru,Mukim Sungai Tiram
Johor,Johor Bahru,Mukim Tanjung Kupang
Johor,Johor Bahru,Mukim Tebrau
Johor,Kluang,Mukim Kahang
Johor,Kluang,Mukim Kluang
Johor,Kluang,Mukim Layang-Layang
Johor,Kluang,Mukim Machap
Johor,Kluang,Mukim Niyor
Johor,Kluang,Mukim Paloh
Johor,Kluang,Mukim Rengam
Johor,Kluang,Mukim Ulu Benut
Johor,Kota Tinggi,Mukim Johor Lama
Johor,Kota Tinggi,Mukim Kambau
Johor,Kota Tinggi,Mukim Kota Tinggi
Johor,Kota Tinggi,Mukim Pantai Timur
Johor,Kota Tinggi,Mukim Pengerang
Johor,Kota Tinggi,Mukim Sedili Besar
Johor,Kota Tinggi,Mukim Sedili Kechil
Johor,Kota Tinggi,Mukim Tanjung Surat
Johor,Kota Tinggi,Mukim Ulu Sungai Johor
Johor,Kota Tinggi,Mukim Ulu Sungei Sedili Besar
Johor,Kulai,Mukim Bukit Batu
Johor,Kulai,Mukim Kulai
Johor,Kulai,Mukim Sedenak
Johor,Kulai,Mukim Senai
Johor,Mersing,Mukim Jemaluang
Johor,Mersing,Mukim Lenggor
Johor,Mersing,Mukim Mersing
Johor,Mersing,Mukim Padang Endau
Johor,Mersing,Mukim Penyabong
Johor,Mersing,Mukim Pulau Aur
Johor,Mersing,Mukim Pulau Babi
Johor,Mersing,Mukim Pulau Pemanggil
Johor,Mersing,Mukim Pulau Sibu
Johor,Mersing,Mukim Pulau Tinggi
Johor,Mersing,Mukim Sembrong
Johor,Mersing,Mukim Tenggaroh
Johor,Mersing,Mukim Tenglu
Johor,Mersing,Mukim Triang
Johor,Muar,Mukim Ayer Hitam
Johor,Muar,Mukim Bandar
Johor,Muar,Mukim Bukit Kepong
Johor,Muar,Mukim Jalan Bakri
Johor,Muar,Mukim Jorak
Johor,Muar,Mukim Lenga
Johor,Muar,Mukim Parit Bakar
Johor,Muar,Mukim Parit Jawa
Johor,Muar,Mukim Sri Menanti
Johor,Muar,Mukim Sungai Balang
Johor,Muar,Mukim Sungai Raya
Johor,Muar,Mukim Sungai Terap
Johor,Pontian,Mukim Air Masin
Johor,Pontian,Mukim Api-Api
Johor,Pontian,Mukim Ayer Baloi
Johor,Pontian,Mukim Benut
Johor,Pontian,Mukim Jeram Batu
Johor,Pontian,Mukim Pengkalan Raja
Johor,Pontian,Mukim Pontian
Johor,Pontian,Mukim Rimba Terjun
Johor,Pontian,Mukim Serkat
Johor,Pontian,Mukim Sungai Karang
Johor,Pontian,Mukim Sungei Pinggan
Johor,Segamat,Mukim Bekok
Johor,Segamat,Mukim Buloh Kasap
Johor,Segamat,Mukim Chaah
Johor,Segamat,Mukim Gemas
Johor,Segamat,Mukim Gemereh
Johor,Segamat,Mukim Jabi
Johor,Segamat,Mukim Jementah
Johor,Segamat,Mukim Labis
Johor,Segamat,Mukim Pogoh
Johor,Segamat,Mukim Sermin
Johor,Segamat,Mukim Sungai Segamat
Johor,Tangkak,Mukim Bukit Serampang
Johor,Tangkak,Mukim Grisek
Johor,Tangkak,Mukim Kesang
Johor,Tangkak,Mukim Kundang
Johor,Tangkak,Mukim Serom
Johor,Tangkak,Mukim Tangkak
Kedah,Baling,Mukim Bakai
Kedah,Baling,Mukim Baling
Kedah,Baling,Mukim Bongor
Kedah,Baling,Mukim Kupang
Kedah,Baling,Mukim Pulai
Kedah,Baling,Mukim Siong
Kedah,Baling,Mukim Tawar
Kedah,Baling,Mukim Teloi Kanan
Kedah,Bandar Baharu,Mukim Bagan Samak
Kedah,Bandar Baharu,Mukim Kuala Selama
Kedah,Bandar Baharu,Mukim Permatang Pasir
Kedah,Bandar Baharu,Mukim Relau
Kedah,Bandar Baharu,Mukim Serdang
Kedah,Bandar Baharu,Mukim Sungai Batu
Kedah,Bandar Baharu,Mukim Sungai Kechil
Kedah,Kota Setar,Mukim Alor Malai
Kedah,Kota Setar,Mukim Anak Bukit
Kedah,Kota Setar,Mukim Derga
Kedah,Kota Setar,Mukim Gunong
Kedah,Kota Setar,Mukim Kangkong
Kedah,Kota Setar,Mukim Kubang Rotan
Kedah,Kota Setar,Mukim Langgar
Kedah,Kota Setar,Mukim Lengkuas
Kedah,Kota Setar,Mukim Lepai
Kedah,Kota Setar,Mukim Limbong
Kedah,Kota Setar,Mukim Padang Hang
Kedah,Kota Setar,Mukim Padang Lalang
Kedah,Kota Setar,Mukim Pengkalan Kundor
Kedah,Kota Setar,Mukim Sala Kechik
Kedah,Kota Setar,Mukim Sungai Baharu
Kedah,Kota Setar,Mukim Tajar
Kedah,Kota Setar,Mukim Tebengau
Kedah,Kota Setar,Mukim Telaga Mas
Kedah,Kota Setar,Mukim Titi Gajah
Kedah,Kuala Muda,Mukim Bujang
Kedah,Kuala Muda,Mukim Bukit Meriam
Kedah,Kuala Muda,Mukim Gurun
Kedah,Kuala Muda,Mukim Haji Kudong
Kedah,Kuala Muda,Mukim Kota
Kedah,Kuala Muda,Mukim Kuala
Kedah,Kuala Muda,Mukim Merbok
Kedah,Kuala Muda,Mukim Pekula
Kedah,Kuala Muda,Mukim Pinang Tunggal
Kedah,Kuala Muda,Mukim Rantau Panjang
Kedah,Kuala Muda,Mukim Semeling
Kedah,Kuala Muda,Mukim Sidam Kiri
Kedah,Kuala Muda,Mukim Simpor
Kedah,Kuala Muda,Mukim Sungai Pasir
Kedah,Kuala Muda,Mukim Sungai Petani
Kedah,Kuala Muda,Mukim Teloi Kiri
Kedah,Kubang Pasu,Mukim Ah
Kedah,Kubang Pasu,Mukim Binjal
Kedah,Kubang Pasu,Mukim Bukit Tinggi
Kedah,Kubang Pasu,Mukim Gelong
Kedah,Kubang Pasu,Mukim Husba
Kedah,Kubang Pasu,Mukim Jeram
Kedah,Kubang Pasu,Mukim Jerlun
Kedah,Kubang Pasu,Mukim Jitra
Kedah,Kubang Pasu,Mukim Kepelu
Kedah,Kubang Pasu,Mukim Kubang Pasu
Kedah,Kubang Pasu,Mukim Malau
Kedah,Kubang Pasu,Mukim Naga
Kedah,Kubang Pasu,Mukim Padang Perahu
Kedah,Kubang Pasu,Mukim Pelubang
Kedah,Kubang Pasu,Mukim Pering
Kedah,Kubang Pasu,Mukim Putat
Kedah,Kubang Pasu,Mukim Sanglang
Kedah,Kubang Pasu,Mukim Sungai Laka
Kedah,Kubang Pasu,Mukim Temin
Kedah,Kubang Pasu,Mukim Tunjang
Kedah,Kubang Pasu,Mukim Wang Tepus
Kedah,Kulim,Mukim Bagan Sena
Kedah,Kulim,Mukim Junjong
Kedah,Kulim,Mukim Karangan
Kedah,Kulim,Mukim Kulim
Kedah,Kulim,Mukim Mahang
Kedah,Kulim,Mukim Naga Lilit
Kedah,Kulim,Mukim Padang China
Kedah,Kulim,Mukim Padang Meha
Kedah,Kulim,Mukim Sedim
Kedah,Kulim,Mukim Sidam Kanan
Kedah,Kulim,Mukim Sungai Seluang
Kedah,Kulim,Mukim Sungai Ular
Kedah,Kulim,Mukim Terap
Kedah,Langkawi,Bandar Kuah
Kedah,Langkawi,Mukim Ayer Hangat
Kedah,Langkawi,Mukim Bohor
Kedah,Langkawi,Mukim Kedawang
Kedah,Langkawi,Mukim Padang Mat Sirat
Kedah,Langkawi,Mukim Ulu Melaka
Kedah,Padang Terap,Mukim Batang Tunggang Kanan
Kedah,Padang Terap,Mukim Batang Tunggang Kiri
Kedah,Padang Terap,Mukim Belimbing Kanan
Kedah,Padang Terap,Mukim Belimbing Kiri
Kedah,Padang Terap,Mukim Kurong Hitam
Kedah,Padang Terap,Mukim Padang Temak
Kedah,Padang Terap,Mukim Padang Terap Kanan
Kedah,Padang Terap,Mukim Padang Terap Kiri
Kedah,Padang Terap,Mukim Pedu
Kedah,Padang Terap,Mukim Tekai
Kedah,Padang Terap,Mukim Tolak
Kedah,Pendang,Mukim Ayer Puteh
Kedah,Pendang,Mukim Bukit Paya
Kedah,Pendang,Mukim Guar Kepayang
Kedah,Pendang,Mukim Padang Kerbau
Kedah,Pendang,Mukim Padang Peliang
Kedah,Pendang,Mukim Padang Pusing
Kedah,Pendang,Mukim Rambai
Kedah,Pendang,Mukim Tobiar
Kedah,Pokok Sena,Mukim Bukit Lada
Kedah,Pokok Sena,Mukim Derang
Kedah,Pokok Sena,Mukim Gajah Mati
Kedah,Pokok Sena,Mukim Jabi
Kedah,Pokok Sena,Mukim Lesong
Kedah,Pokok Sena,Mukim Tualang
Kedah,Sik,Mukim Jeneri
Kedah,Sik,Mukim Sik
Kedah,Sik,Mukim Sok
Kedah,Yan,Mukim Dulang
Kedah,Yan,Mukim Sala Besar
Kedah,Yan,Mukim Singkir
Kedah,Yan,Mukim Sungai Daun
Kedah,Yan,Mukim Yan
Kelantan,Bachok,Mukim Alor Bakat
Kelantan,Bachok,Mukim Bachok
Kelantan,Bachok,Mukim Bator
Kelantan,Bachok,Mukim Chap
Kelantan,Bachok,Mukim Cherang Hangus
Kelantan,Bachok,Mukim Gajah Mati
Kelantan,Bachok,Mukim Gunong
Kelantan,Bachok,Mukim Kemasin
Kelantan,Bachok,Mukim Kuau
Kelantan,Bachok,Mukim Kubang Telaga
Kelantan,Bachok,Mukim Kuchelong
Kelantan,Bachok,Mukim Lubok Tembesu
Kelantan,Bachok,Mukim Mak Lipah
Kelantan,Bachok,Mukim Melawi
Kelantan,Bachok,Mukim Nipah
Kelantan,Bachok,Mukim Pak Pura
Kelantan,Bachok,Mukim Pauh Sembilan
Kelantan,Bachok,Mukim Paya Mengkuang
Kelantan,Bachok,Mukim Perupok
Kelantan,Bachok,Mukim Repek
Kelantan,Bachok,Mukim Rusa
Kelantan,Bachok,Mukim Senak
Kelantan,Bachok,Mukim Serdang
Kelantan,Bachok,Mukim Takang
Kelantan,Bachok,Mukim Tanjong
Kelantan,Bachok,Mukim Tanjong Jering
Kelantan,Bachok,Mukim Tanjong Pauh
Kelantan,Bachok,Mukim Telok Mesira
Kelantan,Bachok,Mukim Telong
Kelantan,Bachok,Mukim Temu Ranggas
Kelantan,Bachok,Mukim Tepus
Kelantan,Bachok,Mukim Tualang Salak
Kelantan,Gua Musang,Mukim Batu Papan
Kelantan,Gua Musang,Mukim Gua Musang
Kelantan,Gua Musang,Mukim Ketil
Kelantan,Gua Musang,Mukim Kuala Sungai
Kelantan,Gua Musang,Mukim Limau Kasturi
Kelantan,Gua Musang,Mukim Pulai
Kelantan,Gua Musang,Mukim Relai
Kelantan,Gua Musang,Mukim Renok
Kelantan,Gua Musang,Mukim Ulu Nenggiri
Kelantan,Jeli,Mukim Belimbing
Kelantan,Jeli,Mukim Bunga Tanjong
Kelantan,Jeli,Mukim Jeli
Kelantan,Jeli,Mukim Jeli Tepi Sungai
Kelantan,Jeli,Mukim Kalai
Kelantan,Jeli,Mukim Kuala Balah
Kelantan,Jeli,Mukim Lubok Bongor
Kelantan,Kecil Lojing,Mukim Balar
Kelantan,Kecil Lojing,Mukim Blau
Kelantan,Kecil Lojing,Mukim Hau
Kelantan,Kecil Lojing,Mukim Hendrop
Kelantan,Kecil Lojing,Mukim Kuala Betis
Kelantan,Kecil Lojing,Mukim Sigar
Kelantan,Kecil Lojing,Mukim Tuel
Kelantan,Kota Bharu,Bandar Kota Bharu
Kelantan,Kota Bharu,Mukim Aur Duri
Kelantan,Kota Bharu,Mukim Badak
Kelantan,Kota Bharu,Mukim Badak Mati
Kelantan,Kota Bharu,Mukim Badang
Kelantan,Kota Bharu,Mukim Banggol
Kelantan,Kota Bharu,Mukim Banggu
Kelantan,Kota Bharu,Mukim Baung
Kelantan,Kota Bharu,Mukim Bayang
Kelantan,Kota Bharu,Mukim Bechah Mulong
Kelantan,Kota Bharu,Mukim Beta Hilir
Kelantan,Kota Bharu,Mukim Beta Hulu
Kelantan,Kota Bharu,Mukim Beting
Kelantan,Kota Bharu,Mukim Biah
Kelantan,Kota Bharu,Mukim Binjai
Kelantan,Kota Bharu,Mukim Buloh Poh
Kelantan,Kota Bharu,Mukim Bunut Payong
Kelantan,Kota Bharu,Mukim But
Kelantan,Kota Bharu,Mukim Che Latiff
Kelantan,Kota Bharu,Mukim Chekli
Kelantan,Kota Bharu,Mukim Chekok
Kelantan,Kota Bharu,Mukim Chicha
Kelantan,Kota Bharu,Mukim Dal
Kelantan,Kota Bharu,Mukim Demit
Kelantan,Kota Bharu,Mukim Duson Rendah
Kelantan,Kota Bharu,Mukim Guntong
Kelantan,Kota Bharu,Mukim Jelutong
Kelantan,Kota Bharu,Mukim Kadok
Kelantan,Kota Bharu,Mukim Kampong Sireh
Kelantan,Kota Bharu,Mukim Karang
Kelantan,Kota Bharu,Mukim Kedai Buloh
Kelantan,Kota Bharu,Mukim Kemubu
Kelantan,Kota Bharu,Mukim Kemumin
Kelantan,Kota Bharu,Mukim Kenali
Kelantan,Kota Bharu,Mukim Ketereh Barat
Kelantan,Kota Bharu,Mukim Ketereh Timor
Kelantan,Kota Bharu,Mukim Kijang
Kelantan,Kota Bharu,Mukim Koh
Kelantan,Kota Bharu,Mukim Kota
Kelantan,Kota Bharu,Mukim Langgar
Kelantan,Kota Bharu,Mukim Lembu
Kelantan,Kota Bharu,Mukim Lubok Jambu
Kelantan,Kota Bharu,Mukim Lubok Pukol
Kelantan,Kota Bharu,Mukim Lundang
Kelantan,Kota Bharu,Mukim Lundang Paku
Kelantan,Kota Bharu,Mukim Mahang Barat
Kelantan,Kota Bharu,Mukim Mahang Timor
Kelantan,Kota Bharu,Mukim Melor
Kelantan,Kota Bharu,Mukim Mentuan
Kelantan,Kota Bharu,Mukim Padang Bongor
Kelantan,Kota Bharu,Mukim Padang Enggang
Kelantan,Kota Bharu,Mukim Padang Garong
Kelantan,Kota Bharu,Mukim Padang Leban
Kelantan,Kota Bharu,Mukim Padang Raja
Kelantan,Kota Bharu,Mukim Padang Sakar
Kelantan,Kota Bharu,Mukim Padang Tengah
Kelantan,Kota Bharu,Mukim Panchor
Kelantan,Kota Bharu,Mukim Pangkal Pisang
Kelantan,Kota Bharu,Mukim Parit
Kelantan,Kota Bharu,Mukim Pasir Ha
Kelantan,Kota Bharu,Mukim Pasir Mas
Kelantan,Kota Bharu,Mukim Patek
Kelantan,Kota Bharu,Mukim Pauh
Kelantan,Kota Bharu,Mukim Paya
Kelantan,Kota Bharu,Mukim Pendek
Kelantan,Kota Bharu,Mukim Pengkalan Chepa
Kelantan,Kota Bharu,Mukim Peringat
Kelantan,Kota Bharu,Mukim Perol
Kelantan,Kota Bharu,Mukim Pintu Gang
Kelantan,Kota Bharu,Mukim Pulau
Kelantan,Kota Bharu,Mukim Pulau Belanga
Kelantan,Kota Bharu,Mukim Pulau Gajah
Kelantan,Kota Bharu,Mukim Pulau Kundor
Kelantan,Kota Bharu,Mukim Pulau Panjang
Kelantan,Kota Bharu,Mukim Pulau Pisang
Kelantan,Kota Bharu,Mukim Sabak
Kelantan,Kota Bharu,Mukim Salor
Kelantan,Kota Bharu,Mukim Semut Api
Kelantan,Kota Bharu,Mukim Sering
Kelantan,Kota Bharu,Mukim Seterpa
Kelantan,Kota Bharu,Mukim Tanjong Chat
Kelantan,Kota Bharu,Mukim Tapang
Kelantan,Kota Bharu,Mukim Tebing Tinggi
Kelantan,Kota Bharu,Mukim Telok
Kelantan,Kota Bharu,Mukim Telok Bharu
Kelantan,Kota Bharu,Mukim Telok Kitang
Kelantan,Kota Bharu,Mukim Tiong
Kelantan,Kota Bharu,Mukim Tok Ku
Kelantan,Kota Bharu,Mukim Wakaf Siku
Kelantan,Kota Bharu,Mukim Wakaf Stan
Kelantan,Kuala Krai,Mukim Batu Mengkebang
Kelantan,Kuala Krai,Mukim Enggong
Kelantan,Kuala Krai,Mukim Gajah
Kelantan,Kuala Krai,Mukim Kandek
Kelantan,Kuala Krai,Mukim Kenor
Kelantan,Kuala Krai,Mukim Kuala Geris
Kelantan,Kuala Krai,Mukim Kuala Krai
Kelantan,Kuala Krai,Mukim Kuala Nal
Kelantan,Kuala Krai,Mukim Kuala Pahi
Kelantan,Kuala Krai,Mukim Kuala Pergau
Kelantan,Kuala Krai,Mukim Kuala Stong
Kelantan,Kuala Krai,Mukim Mambong
Kelantan,Kuala Krai,Mukim Manek Urai
Kelantan,Kuala Krai,Mukim Manjor
Kelantan,Kuala Krai,Mukim Telekong
Kelantan,Machang,Mukim Bagan
Kelantan,Machang,Mukim Bakar
Kelantan,Machang,Mukim Dewan
Kelantan,Machang,Mukim Gading Galoh
Kelantan,Machang,Mukim Jakar
Kelantan,Machang,Mukim Joh
Kelantan,Machang,Mukim Kelaweh
Kelantan,Machang,Mukim Kerawang
Kelantan,Machang,Mukim Kerilla
Kelantan,Machang,Mukim Kuala Kerak
Kelantan,Machang,Mukim Labok
Kelantan,Machang,Mukim Limau Hantu
Kelantan,Machang,Mukim Machang
Kelantan,Machang,Mukim Padang Kemunchut
Kelantan,Machang,Mukim Pek
Kelantan,Machang,Mukim Pemanok
Kelantan,Machang,Mukim Pulai Chondong
Kelantan,Machang,Mukim Raja
Kelantan,Machang,Mukim Temangan
Kelantan,Machang,Mukim Tengah
Kelantan,Machang,Mukim Tok Bok
Kelantan,Machang,Mukim Ulu Sat
Kelantan,Pasir Mas,Mukim Alor Buloh
Kelantan,Pasir Mas,Mukim Alor Pasir
Kelantan,Pasir Mas,Mukim Apa-Apa
Kelantan,Pasir Mas,Mukim Apam
Kelantan,Pasir Mas,Mukim Bakong
Kelantan,Pasir Mas,Mukim Bechah Menerong
Kelantan,Pasir Mas,Mukim Bechah Palas
Kelantan,Pasir Mas,Mukim Bechah Semak
Kelantan,Pasir Mas,Mukim Bukit Tuku
Kelantan,Pasir Mas,Mukim Chetok
Kelantan,Pasir Mas,Mukim Gelam
Kelantan,Pasir Mas,Mukim Gua
Kelantan,Pasir Mas,Mukim Gual Nering
Kelantan,Pasir Mas,Mukim Gual Periok
Kelantan,Pasir Mas,Mukim Jabo
Kelantan,Pasir Mas,Mukim Jejawi
Kelantan,Pasir Mas,Mukim Kala
Kelantan,Pasir Mas,Mukim Kangkong
Kelantan,Pasir Mas,Mukim Kasa
Kelantan,Pasir Mas,Mukim Kedondong
Kelantan,Pasir Mas,Mukim Kenak
Kelantan,Pasir Mas,Mukim Kerasak
Kelantan,Pasir Mas,Mukim Kiat
Kelantan,Pasir Mas,Mukim Kuala Kelar
Kelantan,Pasir Mas,Mukim Kuala Lemal
Kelantan,Pasir Mas,Mukim Kubang Batang
Kelantan,Pasir Mas,Mukim Kubang Bemban
Kelantan,Pasir Mas,Mukim Kubang Gatal
Kelantan,Pasir Mas,Mukim Kubang Gendang
Kelantan,Pasir Mas,Mukim Kubang Ketam
Kelantan,Pasir Mas,Mukim Kubang Sepat
Kelantan,Pasir Mas,Mukim Kubang Terap
Kelantan,Pasir Mas,Mukim Lalang
Kelantan,Pasir Mas,Mukim Lubok Anching
Kelantan,Pasir Mas,Mukim Lubok Gong
Kelantan,Pasir Mas,Mukim Lubok Kawah
Kelantan,Pasir Mas,Mukim Lubok Setol
Kelantan,Pasir Mas,Mukim Lubok Tapah
Kelantan,Pasir Mas,Mukim Meranti
Kelantan,Pasir Mas,Mukim Padang Embon
Kelantan,Pasir Mas,Mukim Paloh
Kelantan,Pasir Mas,Mukim Rantau Panjang
Kelantan,Pasir Mas,Mukim Sakar
Kelantan,Pasir Mas,Mukim Tasik Berangan
Kelantan,Pasir Mas,Mukim Teliar
Kelantan,Pasir Mas,Mukim Tendong
Kelantan,Pasir Mas,Mukim Tok Sangkot
Kelantan,Pasir Mas,Mukim Tok Uban
Kelantan,Pasir Puteh,Mukim Banggol Setol
Kelantan,Pasir Puteh,Mukim Batu Sebutir
Kelantan,Pasir Puteh,Mukim Berangan
Kelantan,Pasir Puteh,Mukim Bukit Abal Barat
Kelantan,Pasir Puteh,Mukim Bukit Abal Timor
Kelantan,Pasir Puteh,Mukim Bukit Merbau
Kelantan,Pasir Puteh,Mukim Bukit Tanah
Kelantan,Pasir Puteh,Mukim Changgai
Kelantan,Pasir Puteh,Mukim Cherang Ruku
Kelantan,Pasir Puteh,Mukim Gong Chapa
Kelantan,Pasir Puteh,Mukim Gong Chengal
Kelantan,Pasir Puteh,Mukim Gong Datok Barat
Kelantan,Pasir Puteh,Mukim Gong Datok Timor
Kelantan,Pasir Puteh,Mukim Gong Garu
Kelantan,Pasir Puteh,Mukim Gong Kulim
Kelantan,Pasir Puteh,Mukim Gong Nangka
Kelantan,Pasir Puteh,Mukim Gong Pachat
Kelantan,Pasir Puteh,Mukim Jeram
Kelantan,Pasir Puteh,Mukim Jerus
Kelantan,Pasir Puteh,Mukim Kampong Wakaf
Kelantan,Pasir Puteh,Mukim Kandis
Kelantan,Pasir Puteh,Mukim Kolam Tembesu
Kelantan,Pasir Puteh,Mukim Merbol
Kelantan,Pasir Puteh,Mukim Merkang
Kelantan,Pasir Puteh,Mukim Padang Pak Amat
Kelantan,Pasir Puteh,Mukim Pasir Puteh
Kelantan,Pasir Puteh,Mukim Pengkalan
Kelantan,Pasir Puteh,Mukim Permatang Sungkai
Kelantan,Pasir Puteh,Mukim Seligi
Kelantan,Pasir Puteh,Mukim Selising
Kelantan,Pasir Puteh,Mukim Semerak
Kelantan,Pasir Puteh,Mukim Tasik
Kelantan,Pasir Puteh,Mukim Telipok
Kelantan,Tanah Merah,Mukim Batang Merbau
Kelantan,Tanah Merah,Mukim Bendang Nyior
Kelantan,Tanah Merah,Mukim Bukit Durian
Kelantan,Tanah Merah,Mukim Jedok
Kelantan,Tanah Merah,Mukim Kuala Paku
Kelantan,Tanah Merah,Mukim Lawang
Kelantan,Tanah Merah,Mukim Maka
Kelantan,Tanah Merah,Mukim Nibong
Kelantan,Tanah Merah,Mukim Pasir Ganda
Kelantan,Tanah Merah,Mukim Rambai
Kelantan,Tanah Merah,Mukim Sokor
Kelantan,Tanah Merah,Mukim Tanah Merah
Kelantan,Tanah Merah,Mukim Tebing Tinggi
Kelantan,Tanah Merah,Mukim Ulu Kusial
Kelantan,Tumpat,Mukim Bechah Resak
Kelantan,Tumpat,Mukim Bunohan
Kelantan,Tumpat,Mukim Bunut Sarang Burong
Kelantan,Tumpat,Mukim Chenderong Batu
Kelantan,Tumpat,Mukim Cherang Melintang
Kelantan,Tumpat,Mukim Geting
Kelantan,Tumpat,Mukim Jal
Kelantan,Tumpat,Mukim Kampong Laut
Kelantan,Tumpat,Mukim Kelaboran
Kelantan,Tumpat,Mukim Ketil
Kelantan,Tumpat,Mukim Kok Keli
Kelantan,Tumpat,Mukim Kutang
Kelantan,Tumpat,Mukim Mak Neralang
Kelantan,Tumpat,Mukim Morak
Kelantan,Tumpat,Mukim Palekbang
Kelantan,Tumpat,Mukim Pasir Pekan
Kelantan,Tumpat,Mukim Periok
Kelantan,Tumpat,Mukim Pulau Besar
Kelantan,Tumpat,Mukim Selehong Selatan
Kelantan,Tumpat,Mukim Selehong Utara
Kelantan,Tumpat,Mukim Simpangan
Kelantan,Tumpat,Mukim Sungai Pinang
Kelantan,Tumpat,Mukim Tabar
Kelantan,Tumpat,Mukim Talak
Kelantan,Tumpat,Mukim Telok Renjuna
Kelantan,Tumpat,Mukim Tujoh
Kelantan,Tumpat,Mukim Tumpat
Kelantan,Tumpat,Mukim Wakaf Bharu
Kelantan,Tumpat,Mukim Wakaf Delima
Melaka,Alor Gajah,Mukim Ayer Paabas
Melaka,Alor Gajah,Mukim Belimbing
Melaka,Alor Gajah,Mukim Beringin
Melaka,Alor Gajah,Mukim Brisu
Melaka,Alor Gajah,Mukim Durian Tunggal
Melaka,Alor Gajah,Mukim Gadek
Melaka,Alor Gajah,Mukim Kelemak
Melaka,Alor Gajah,Mukim Kemuning
Melaka,Alor Gajah,Mukim Kuala Linggi
Melaka,Alor Gajah,Mukim Kuala Sungei Baru
Melaka,Alor Gajah,Mukim Lendu
Melaka,Alor Gajah,Mukim Machap
Melaka,Alor Gajah,Mukim Malaka Pindah
Melaka,Alor Gajah,Mukim Masjid Tanah
Melaka,Alor Gajah,Mukim Melekek
Melaka,Alor Gajah,Mukim Padang Sebang
Melaka,Alor Gajah,Mukim Parit Melana
Melaka,Alor Gajah,Mukim Pegoh
Melaka,Alor Gajah,Mukim Pulau Sebang
Melaka,Alor Gajah,Mukim Ramuan China Besar
Melaka,Alor Gajah,Mukim Ramuan China Kechil
Melaka,Alor Gajah,Mukim Rembia
Melaka,Alor Gajah,Mukim Sungei Baru Ilir
Melaka,Alor Gajah,Mukim Sungei Baru Tengah
Melaka,Alor Gajah,Mukim Sungei Baru Ulu
Melaka,Alor Gajah,Mukim Sungei Buloh
Melaka,Alor Gajah,Mukim Sungei Petai
Melaka,Alor Gajah,Mukim Sungei Siput
Melaka,Alor Gajah,Mukim Taboh Naning
Melaka,Alor Gajah,Mukim Tanjong Rimau
Melaka,Alor Gajah,Mukim Tebong
Melaka,Jasin,Mukim Ayer Panas
Melaka,Jasin,Mukim Batang Malaka
Melaka,Jasin,Mukim Bukit Senggeh
Melaka,Jasin,Mukim Chabau
Melaka,Jasin,Mukim Chin Chin
Melaka,Jasin,Mukim Chohong
Melaka,Jasin,Mukim Jasin
Melaka,Jasin,Mukim Jus
Melaka,Jasin,Mukim Kesang
Melaka,Jasin,Mukim Merlimau
Melaka,Jasin,Mukim Nyalas
Melaka,Jasin,Mukim Rim
Melaka,Jasin,Mukim Sebatu
Melaka,Jasin,Mukim Selandar
Melaka,Jasin,Mukim Sempang
Melaka,Jasin,Mukim Semujok
Melaka,Jasin,Mukim Serkam
Melaka,Jasin,Mukim Sungei Rambai
Melaka,Jasin,Mukim Tedong
Melaka,Jasin,Mukim Umbai
Melaka,Melaka Tengah,Bandar Melaka
Melaka,Melaka Tengah,Mukim Alai
Melaka,Melaka Tengah,Mukim Ayer Molek
Melaka,Melaka Tengah,Mukim Bachang
Melaka,Melaka Tengah,Mukim Balai Panjang
Melaka,Melaka Tengah,Mukim Batu Berendam
Melaka,Melaka Tengah,Mukim Bertam
Melaka,Melaka Tengah,Mukim Bukit Baru
Melaka,Melaka Tengah,Mukim Bukit Katil
Melaka,Melaka Tengah,Mukim Bukit Lintang
Melaka,Melaka Tengah,Mukim Bukit Piatu
Melaka,Melaka Tengah,Mukim Bukit Rambai
Melaka,Melaka Tengah,Mukim Cheng
Melaka,Melaka Tengah,Mukim Duyong
Melaka,Melaka Tengah,Mukim Kandang
Melaka,Melaka Tengah,Mukim Klebang Besar
Melaka,Melaka Tengah,Mukim Klebang Kechil
Melaka,Melaka Tengah,Mukim Krubong
Melaka,Melaka Tengah,Mukim Padang Semabok
Melaka,Melaka Tengah,Mukim Padang Temu
Melaka,Melaka Tengah,Mukim Paya Rumput
Melaka,Melaka Tengah,Mukim Pernu
Melaka,Melaka Tengah,Mukim Pringgit
Melaka,Melaka Tengah,Mukim Semabok
Melaka,Melaka Tengah,Mukim Sungei Udang
Melaka,Melaka Tengah,Mukim Tangga Batu
Melaka,Melaka Tengah,Mukim Tanjong Kling
Melaka,Melaka Tengah,Mukim Tanjong Minyak
Melaka,Melaka Tengah,Mukim Telok Mas
Melaka,Melaka Tengah,Mukim Ujong Pasir
Negeri Sembilan,Jelebu,Mukim Glami Lemi
Negeri Sembilan,Jelebu,Mukim Kenaboi
Negeri Sembilan,Jelebu,Mukim Kuala Klawang
Negeri Sembilan,Jelebu,Mukim Peradong
Negeri Sembilan,Jelebu,Mukim Serting Ulu
Negeri Sembilan,Jelebu,Mukim Triang Ilir
Negeri Sembilan,Jelebu,Mukim Ulu Klawang
Negeri Sembilan,Jelebu,Mukim Ulu Triang
Negeri Sembilan,Jempol,Mukim Jelai
Negeri Sembilan,Jempol,Mukim Kuala Jempol
Negeri Sembilan,Jempol,Mukim Rompin
Negeri Sembilan,Jempol,Mukim Serting Hilir
Negeri Sembilan,Kuala Pilah,Mukim Ampang Tinggi
Negeri Sembilan,Kuala Pilah,Mukim Johol
Negeri Sembilan,Kuala Pilah,Mukim Juasseh
Negeri Sembilan,Kuala Pilah,Mukim Kepis
Negeri Sembilan,Kuala Pilah,Mukim Langkap
Negeri Sembilan,Kuala Pilah,Mukim Parit Tinggi
Negeri Sembilan,Kuala Pilah,Mukim Pilah
Negeri Sembilan,Kuala Pilah,Mukim Sri Menanti
Negeri Sembilan,Kuala Pilah,Mukim Terachi
Negeri Sembilan,Kuala Pilah,Mukim Ulu Jempol
Negeri Sembilan,Kuala Pilah,Mukim Ulu Muar
Negeri Sembilan,Port Dickson,Mukim Jimah
Negeri Sembilan,Port Dickson,Mukim Linggi
Negeri Sembilan,Port Dickson,Mukim Pasir Panjang
Negeri Sembilan,Port Dickson,Mukim Port Dickson
Negeri Sembilan,Port Dickson,Mukim Si Rusa
Negeri Sembilan,Rembau,Mukim Batu Hampar
Negeri Sembilan,Rembau,Mukim Bongek
Negeri Sembilan,Rembau,Mukim Chembong
Negeri Sembilan,Rembau,Mukim Chengkau
Negeri Sembilan,Rembau,Mukim Gadong
Negeri Sembilan,Rembau,Mukim Kundor
Negeri Sembilan,Rembau,Mukim Legong Ilir
Negeri Sembilan,Rembau,Mukim Legong Ulu
Negeri Sembilan,Rembau,Mukim Miku
Negeri Sembilan,Rembau,Mukim Nerasau
Negeri Sembilan,Rembau,Mukim Pedas
Negeri Sembilan,Rembau,Mukim Pilin
Negeri Sembilan,Rembau,Mukim Selemak
Negeri Sembilan,Rembau,Mukim Semerbok
Negeri Sembilan,Rembau,Mukim Spri
Negeri Sembilan,Rembau,Mukim Tanjong Kling
Negeri Sembilan,Rembau,Mukim Titian Bintangor
Negeri Sembilan,Seremban,Mukim Ampangan
Negeri Sembilan,Seremban,Mukim Labu
Negeri Sembilan,Seremban,Mukim Lenggeng
Negeri Sembilan,Seremban,Mukim Pantai
Negeri Sembilan,Seremban,Mukim Rantau
Negeri Sembilan,Seremban,Mukim Rasah
Negeri Sembilan,Seremban,Mukim Seremban
Negeri Sembilan,Seremban,Mukim Setul
Negeri Sembilan,Tampin,Mukim Air Kuning
Negeri Sembilan,Tampin,Mukim Gemas
Negeri Sembilan,Tampin,Mukim Gemencheh
Negeri Sembilan,Tampin,Mukim Keru
Negeri Sembilan,Tampin,Mukim Repah
Negeri Sembilan,Tampin,Mukim Tampin Tengah
Negeri Sembilan,Tampin,Mukim Tebong
Pahang,Bentong,Mukim Bentong
Pahang,Bentong,Mukim Pelangai
Pahang,Bentong,Mukim Sabai
Pahang,Bera,Mukim Bera
Pahang,Bera,Mukim Triang
Pahang,Cameron Highlands,Mukim Hulu Telom
Pahang,Cameron Highlands,Mukim Ringlet
Pahang,Cameron Highlands,Mukim Tanah Rata
Pahang,Jerantut,Mukim Burau
Pahang,Jerantut,Mukim Hulu Cheka
Pahang,Jerantut,Mukim Hulu Tembeling
Pahang,Jerantut,Mukim Kelola
Pahang,Jerantut,Mukim Kuala Tembeling
Pahang,Jerantut,Mukim Pedah
Pahang,Jerantut,Mukim Pulau Tawar
Pahang,Jerantut,Mukim Tebing Tinggi
Pahang,Jerantut,Mukim Teh
Pahang,Jerantut,Mukim Tembeling
Pahang,Kuantan,Mukim Beserah
Pahang,Kuantan,Mukim Hulu Kuantan
Pahang,Kuantan,Mukim Hulu Lepar
Pahang,Kuantan,Mukim Kuala Kuantan
Pahang,Kuantan,Mukim Penor
Pahang,Kuantan,Mukim Sungai Karang
Pahang,Lipis,Mukim Batu Yon
Pahang,Lipis,Mukim Budu
Pahang,Lipis,Mukim Cheka
Pahang,Lipis,Mukim Gua
Pahang,Lipis,Mukim Hulu Jelai
Pahang,Lipis,Mukim Kechau
Pahang,Lipis,Mukim Kuala Lipis
Pahang,Lipis,Mukim Penjom
Pahang,Lipis,Mukim Tanjung Besar
Pahang,Lipis,Mukim Telang
Pahang,Maran,Mukim Bukit Segumpal
Pahang,Maran,Mukim Chenor
Pahang,Maran,Mukim Kertau
Pahang,Maran,Mukim Luit
Pahang,Pekan,Mukim Bebar
Pahang,Pekan,Mukim Ganchong
Pahang,Pekan,Mukim Kuala Pahang
Pahang,Pekan,Mukim Langgar
Pahang,Pekan,Mukim Lepar
Pahang,Pekan,Mukim Pahang Tua
Pahang,Pekan,Mukim Pekan
Pahang,Pekan,Mukim Penyor
Pahang,Pekan,Mukim Pulau Manis
Pahang,Pekan,Mukim Pulau Rusa
Pahang,Pekan,Mukim Temai
Pahang,Raub,Mukim Batu Talam
Pahang,Raub,Mukim Dong
Pahang,Raub,Mukim Gali
Pahang,Raub,Mukim Hulu Dong
Pahang,Raub,Mukim Sega
Pahang,Raub,Mukim Semantan Hulu
Pahang,Raub,Mukim Teras
Pahang,Rompin,Mukim Endau
Pahang,Rompin,Mukim Keratong
Pahang,Rompin,Mukim Pontian
Pahang,Rompin,Mukim Rompin
Pahang,Rompin,Mukim Tioman
Pahang,Temerloh,Mukim Bangau
Pahang,Temerloh,Mukim Jenderak
Pahang,Temerloh,Mukim Kerdau
Pahang,Temerloh,Mukim Lebak
Pahang,Temerloh,Mukim Lipat Kajang
Pahang,Temerloh,Mukim Mentakab
Pahang,Temerloh,Mukim Perak
Pahang,Temerloh,Mukim Sanggang
Pahang,Temerloh,Mukim Semantan
Pahang,Temerloh,Mukim Songsang
Perak,Bagan Datuk,Mukim Bagan Datuk
Perak,Bagan Datuk,Mukim Hutan Melintang
Perak,Bagan Datuk,Mukim Rungkup
Perak,Bagan Datuk,Mukim Teluk Baru
Perak,Batang Padang,Mukim Batang Padang
Perak,Batang Padang,Mukim Bidor
Perak,Batang Padang,Mukim Chenderiang
Perak,Batang Padang,Mukim Sungkai
Perak,Hilir Perak,Mukim Changkat Jong
Perak,Hilir Perak,Mukim Durian Sebatang
Perak,Hilir Perak,Mukim Labu Kubong
Perak,Hilir Perak,Mukim Sungai Durian
Perak,Hilir Perak,Mukim Sungai Manik
Perak,Hulu Perak,Mukim Belukar Semang
Perak,Hulu Perak,Mukim Belum
Perak,Hulu Perak,Mukim Durian Pipit
Perak,Hulu Perak,Mukim Gerik
Perak,Hulu Perak,Mukim Kenering
Perak,Hulu Perak,Mukim Kerunai
Perak,Hulu Perak,Mukim Lenggong
Perak,Hulu Perak,Mukim Pengkalan Hulu
Perak,Hulu Perak,Mukim Temelong
Perak,Hulu Perak,Mukim Temengor
Perak,Kampar,Mukim Kampar
Perak,Kampar,Mukim Teja
Perak,Kerian,Mukim Bagan Serai
Perak,Kerian,Mukim Bagan Tiang
Perak,Kerian,Mukim Beriah
Perak,Kerian,Mukim Gunong Semanggol
Perak,Kerian,Mukim Kuala Kurau
Perak,Kerian,Mukim Parit Buntar
Perak,Kerian,Mukim Selinsing
Perak,Kerian,Mukim Tanjong Piandang
Perak,Kinta,Mukim Belanja
Perak,Kinta,Mukim Hulu Kinta
Perak,Kinta,Mukim Sungai Raya
Perak,Kinta,Mukim Sungai Terap
Perak,Kinta,Mukim Tanjong Tualang
Perak,Kuala Kangsar,Mukim Chegar Galah
Perak,Kuala Kangsar,Mukim Kampong Buaya
Perak,Kuala Kangsar,Mukim Kota Lama Kanan
Perak,Kuala Kangsar,Mukim Kota Lama Kiri
Perak,Kuala Kangsar,Mukim Lubok Merbau
Perak,Kuala Kangsar,Mukim Pulau Kamiri
Perak,Kuala Kangsar,Mukim Sayung
Perak,Kuala Kangsar,Mukim Senggang
Perak,Kuala Kangsar,Mukim Sungai Siput
Perak,Larut Dan Matang,Mukim Asam Kumbang
Perak,Larut Dan Matang,Mukim Batu Kurau
Perak,Larut Dan Matang,Mukim Bukit Gantang
Perak,Larut Dan Matang,Mukim Hulu Ijok
Perak,Larut Dan Matang,Mukim Hulu Selama
Perak,Larut Dan Matang,Mukim Jebong
Perak,Larut Dan Matang,Mukim Kamunting
Perak,Larut Dan Matang,Mukim Pengkalan Aor
Perak,Larut Dan Matang,Mukim Selama
Perak,Larut Dan Matang,Mukim Simpang
Perak,Larut Dan Matang,Mukim Sungai Limau
Perak,Larut Dan Matang,Mukim Sungai Tinggi
Perak,Larut Dan Matang,Mukim Terung
Perak,Larut Dan Matang,Mukim Tupai
Perak,Manjung,Mukim Beruas
Perak,Manjung,Mukim Lekir
Perak,Manjung,Mukim Lumut
Perak,Manjung,Mukim Pengkalan Baharu
Perak,Manjung,Mukim Sitiawan
Perak,Muallim,Mukim Hulu Bernam Barat
Perak,Muallim,Mukim Hulu Bernam Timur
Perak,Muallim,Mukim Slim
Perak,Perak Tengah,Mukim Bandar
Perak,Perak Tengah,Mukim Belanja
Perak,Perak Tengah,Mukim Bota
Perak,Perak Tengah,Mukim Jaya Baru
Perak,Perak Tengah,Mukim Kampong Gajah
Perak,Perak Tengah,Mukim Kota Setia
Perak,Perak Tengah,Mukim Lambor Kanan
Perak,Perak Tengah,Mukim Lambor Kiri
Perak,Perak Tengah,Mukim Layang Layang
Perak,Perak Tengah,Mukim Pasir Panjang Hulu
Perak,Perak Tengah,Mukim Pasir Salak
Perak,Perak Tengah,Mukim Pulau Tiga
Perlis,Perlis,Mukim Abi
Perlis,Perlis,Mukim Arau
Perlis,Perlis,Mukim Beseri
Perlis,Perlis,Mukim Chuping
Perlis,Perlis,Mukim Jejawi
Perlis,Perlis,Mukim Kayang
Perlis,Perlis,Mukim Kechor
Perlis,Perlis,Mukim Kuala Perlis
Perlis,Perlis,Mukim Kurong Anai
Perlis,Perlis,Mukim Kurong Batang
Perlis,Perlis,Mukim Ngulang
Perlis,Perlis,Mukim Oran
Perlis,Perlis,Mukim Padang Pauh
Perlis,Perlis,Mukim Padang Siding
Perlis,Perlis,Mukim Paya
Perlis,Perlis,Mukim Sanglang
Perlis,Perlis,Mukim Sena
Perlis,Perlis,Mukim Seriab
Perlis,Perlis,Mukim Sungai Adam
Perlis,Perlis,Mukim Titi Tinggi
Perlis,Perlis,Mukim Utan Aji
Perlis,Perlis,Mukim Wang Bintong
Pulau Pinang,Barat Daya,Bandar Balik Pulau
Pulau Pinang,Barat Daya,Mukim 1
Pulau Pinang,Barat Daya,Mukim 10
Pulau Pinang,Barat Daya,Mukim 11
Pulau Pinang,Barat Daya,Mukim 12
Pulau Pinang,Barat Daya,Mukim 2
Pulau Pinang,Barat Daya,Mukim 3
Pulau Pinang,Barat Daya,Mukim 4
Pulau Pinang,Barat Daya,Mukim 5
Pulau Pinang,Barat Daya,Mukim 6
Pulau Pinang,Barat Daya,Mukim 7
Pulau Pinang,Barat Daya,Mukim 8
Pulau Pinang,Barat Daya,Mukim 9
Pulau Pinang,Barat Daya,Mukim A
Pulau Pinang,Barat Daya,Mukim B
Pulau Pinang,Barat Daya,Mukim C
Pulau Pinang,Barat Daya,Mukim D
Pulau Pinang,Barat Daya,Mukim E
Pulau Pinang,Barat Daya,Mukim F
Pulau Pinang,Barat Daya,Mukim G
Pulau Pinang,Barat Daya,Mukim H
Pulau Pinang,Barat Daya,Mukim I
Pulau Pinang,Barat Daya,Mukim J
Pulau Pinang,Seberang Perai Selatan,Mukim 1
Pulau Pinang,Seberang Perai Selatan,Mukim 10
Pulau Pinang,Seberang Perai Selatan,Mukim 11
Pulau Pinang,Seberang Perai Selatan,Mukim 12
Pulau Pinang,Seberang Perai Selatan,Mukim 13
Pulau Pinang,Seberang Perai Selatan,Mukim 14
Pulau Pinang,Seberang Perai Selatan,Mukim 15
Pulau Pinang,Seberang Perai Selatan,Mukim 16
Pulau Pinang,Seberang Perai Selatan,Mukim 2
Pulau Pinang,Seberang Perai Selatan,Mukim 3
Pulau Pinang,Seberang Perai Selatan,Mukim 4
Pulau Pinang,Seberang Perai Selatan,Mukim 5
Pulau Pinang,Seberang Perai Selatan,Mukim 6
Pulau Pinang,Seberang Perai Selatan,Mukim 7
Pulau Pinang,Seberang Perai Selatan,Mukim 8
Pulau Pinang,Seberang Perai Selatan,Mukim 9
Pulau Pinang,Seberang Perai Tengah,Bandar Bukit Mertajam
Pulau Pinang,Seberang Perai Tengah,Bandar Prai
Pulau Pinang,Seberang Perai Tengah,Mukim 1
Pulau Pinang,Seberang Perai Tengah,Mukim 10
Pulau Pinang,Seberang Perai Tengah,Mukim 11
Pulau Pinang,Seberang Perai Tengah,Mukim 12
Pulau Pinang,Seberang Perai Tengah,Mukim 13
Pulau Pinang,Seberang Perai Tengah,Mukim 14
Pulau Pinang,Seberang Perai Tengah,Mukim 15
Pulau Pinang,Seberang Perai Tengah,Mukim 16
Pulau Pinang,Seberang Perai Tengah,Mukim 17
Pulau Pinang,Seberang Perai Tengah,Mukim 18
Pulau Pinang,Seberang Perai Tengah,Mukim 19
Pulau Pinang,Seberang Perai Tengah,Mukim 2
Pulau Pinang,Seberang Perai Tengah,Mukim 20
Pulau Pinang,Seberang Perai Tengah,Mukim 21
Pulau Pinang,Seberang Perai Tengah,Mukim 3
Pulau Pinang,Seberang Perai Tengah,Mukim 4
Pulau Pinang,Seberang Perai Tengah,Mukim 5
Pulau Pinang,Seberang Perai Tengah,Mukim 6
Pulau Pinang,Seberang Perai Tengah,Mukim 7
Pulau Pinang,Seberang Perai Tengah,Mukim 8
Pulau Pinang,Seberang Perai Tengah,Mukim 9
Pulau Pinang,Seberang Perai Utara,Bandar Butterworth
Pulau Pinang,Seberang Perai Utara,Bandar Kepala Batas
Pulau Pinang,Seberang Perai Utara,Mukim 1
Pulau Pinang,Seberang Perai Utara,Mukim 10
Pulau Pinang,Seberang Perai Utara,Mukim 11
Pulau Pinang,Seberang Perai Utara,Mukim 12
Pulau Pinang,Seberang Perai Utara,Mukim 13
Pulau Pinang,Seberang Perai Utara,Mukim 14
Pulau Pinang,Seberang Perai Utara,Mukim 16
Pulau Pinang,Seberang Perai Utara,Mukim 2
Pulau Pinang,Seberang Perai Utara,Mukim 3
Pulau Pinang,Seberang Perai Utara,Mukim 4
Pulau Pinang,Seberang Perai Utara,Mukim 5
Pulau Pinang,Seberang Perai Utara,Mukim 6
Pulau Pinang,Seberang Perai Utara,Mukim 7
Pulau Pinang,Seberang Perai Utara,Mukim 8
Pulau Pinang,Seberang Perai Utara,Mukim 9
Pulau Pinang,Timur Laut,Bandar Ayer Itam
Pulau Pinang,Timur Laut,Bandar Batu Ferringgi
Pulau Pinang,Timur Laut,Bandar Bukit Bendera
Pulau Pinang,Timur Laut,Bandar George Town
Pulau Pinang,Timur Laut,Bandar Glugor
Pulau Pinang,Timur Laut,Bandar Jelutong
Pulau Pinang,Timur Laut,Bandar Tanjong Bungah
Pulau Pinang,Timur Laut,Bandar Tanjong Pinang
Pulau Pinang,Timur Laut,Mukim 13
Pulau Pinang,Timur Laut,Mukim 14
Pulau Pinang,Timur Laut,Mukim 15
Pulau Pinang,Timur Laut,Mukim 16
Pulau Pinang,Timur Laut,Mukim 17
Pulau Pinang,Timur Laut,Mukim 18
Sabah,Beaufort,Beaufort
Sabah,Beluran,Beluran
Sabah,Kalabakan,Kalabakan
Sabah,Keningau,Keningau
Sabah,Kinabatangan,Kinabatangan
Sabah,Kota Belud,Kota Belud
Sabah,Kota Kinabalu,Kota Kinabalu
Sabah,Kota Marudu,Kota Marudu
Sabah,Kuala Penyu,Kuala Penyu
Sabah,Kudat,Kudat
Sabah,Kunak,Kunak
Sabah,Lahad Datu,Lahad Datu
Sabah,Nabawan,Nabawan
Sabah,Papar,Papar
Sabah,Penampang,Penampang
Sabah,Pitas,Pitas
Sabah,Putatan,Putatan
Sabah,Ranau,Ranau
Sabah,Sandakan,Sandakan
Sabah,Semporna,Semporna
Sabah,Sipitang,Sipitang
Sabah,Tambunan,Tambunan
Sabah,Tawau,Tawau
Sabah,Telupid,Telupid
Sabah,Tenom,Tenom
Sabah,Tongod,Tongod
Sabah,Tuaran,Tuaran
Sarawak,Asajaya,Sadong Land District
Sarawak,Bau,Jagoi Land District
Sarawak,Bau,Senggi-Poak Land District
Sarawak,Belaga,Balui Land District
Sarawak,Belaga,Batu Laga Land District
Sarawak,Belaga,Danum Land District
Sarawak,Belaga,Mamau Land District
Sarawak,Belaga,Murum Land District
Sarawak,Belaga,Punan Land District
Sarawak,Beluru,Bakong Land District
Sarawak,Beluru,Bok Land District
Sarawak,Beluru,Dulit Land District
Sarawak,Beluru,Lepu Laju Land District
Sarawak,Beluru,Tinjar Land District
Sarawak,Betong,Batu Api Land District
Sarawak,Betong,Entaban Land District
Sarawak,Betong,Paku Land District
Sarawak,Betong,Rimbas Land District
Sarawak,Betong,Sadok Land District
Sarawak,Bintulu,Kemena Land District
Sarawak,Bukit Mabong,Baning Land District
Sarawak,Bukit Mabong,Entemu Land District
Sarawak,Bukit Mabong,Kumbong Land District
Sarawak,Bukit Mabong,Majau Land District
Sarawak,Bukit Mabong,Mengiong Land District
Sarawak,Bukit Mabong,Merirai Land District
Sarawak,Bukit Mabong,Oyan Land District
Sarawak,Bukit Mabong,Serani Land District
Sarawak,Bukit Mabong,Suau Land District
Sarawak,Dalat,Baoh Land District
Sarawak,Dalat,Oya-Dalat Land District
Sarawak,Daro,Bruit Land District
Sarawak,Daro,Semah Land District
Sarawak,Julau,Jikang Land District
Sarawak,Julau,Melurun Land District
Sarawak,Julau,Tekoyong Land District
Sarawak,Kabong,Kalaka Land District
Sarawak,Kabong,Seblak Land District
Sarawak,Kanowit,Lukut Land District
Sarawak,Kanowit,Mapai Land District
Sarawak,Kanowit,Maroh Land District
Sarawak,Kanowit,Spali Land District
Sarawak,Kapit,Ibau Land District
Sarawak,Kapit,Menuan Land District
Sarawak,Kapit,Metah Land District
Sarawak,Kapit,Pelagus Land District
Sarawak,Kapit,Rirong Land District
Sarawak,Kuching,Kuching North Land District
Sarawak,Kuching,Kuching Town Land District
Sarawak,Kuching,Matang Land District
Sarawak,Kuching,Muara Tebas Land District
Sarawak,Kuching,Pangkalan Ampat Land District
Sarawak,Kuching,Salak Land District
Sarawak,Kuching,Sentah-Segu Land District
Sarawak,Kuching,Sentah-Segu Land District
Sarawak,Kuching,Sentah-Segu Land District
Sarawak,Lawas,Bakelalan Land District
Sarawak,Lawas,Lawas Land District
Sarawak,Lawas,Long Merarap Land District
Sarawak,Lawas,Long Semado Land District
Sarawak,Lawas,Merapok Land District
Sarawak,Lawas,Tengoa-Sukang Land District
Sarawak,Lawas,Trusan Land District
Sarawak,Limbang,Batu Lawi Land District
Sarawak,Limbang,Danau Land District
Sarawak,Limbang,Long Napir Land District
Sarawak,Limbang,Pandaruan Land District
Sarawak,Limbang,Sungai Adang Land District
Sarawak,Limbang,Sungai Medalam Land District
Sarawak,Lubok Antu,Ai Engkari Land District
Sarawak,Lubok Antu,Bukit Besai Land District
Sarawak,Lubok Antu,Kranggas Land District
Sarawak,Lubok Antu,Lemanak Land District
Sarawak,Lubok Antu,Marup Land District
Sarawak,Lubok Antu,Skrang Land District
Sarawak,Lundu,Gading Lundu Land District
Sarawak,Lundu,Pueh Land District
Sarawak,Lundu,Sampadi Land District
Sarawak,Lundu,Stungkor Land District
Sarawak,Maradong,Maradong Land District
Sarawak,Maradong,Seredeng Land District
Sarawak,Maradong,Tulai Land District
Sarawak,Marudi,Apoh Land District
Sarawak,Marudi,Kamunting Land District
Sarawak,Marudi,Puyut Land District
Sarawak,Marudi,Teraja Land District
Sarawak,Matu,Jemoreng Land District
Sarawak,Matu,Lassa Land District
Sarawak,Matu,Retus Land District
Sarawak,Miri,Bareo Land District
Sarawak,Miri,Kuala Baram Land District
Sarawak,Miri,Lambir Land District
Sarawak,Miri,Lio Matoh Land District
Sarawak,Miri,Miri Concession Land District
Sarawak,Mukah,Balingian Land District
Sarawak,Mukah,Bawan Land District
Sarawak,Mukah,Mukah Land District
Sarawak,Mukah,Sikat Land District
Sarawak,Pakan,Pedanum Land District
Sarawak,Pusa,Sablor Land District
Sarawak,Pusa,Triso Land District
Sarawak,Samarahan,Kuching Central Land District
Sarawak,Samarahan,Muara Tuang Land District
Sarawak,Samarahan,Samarahan Land District
Sarawak,Saratok,Awik-Krian Land District
Sarawak,Saratok,Budu Land District
Sarawak,Sarikei,Sare Land District
Sarawak,Sarikei,Sarikei Land District
Sarawak,Sebauh,Batu Kapal Land District
Sarawak,Sebauh,Binio Land District
Sarawak,Sebauh,Jelalong Land District
Sarawak,Sebauh,Lavang Land District
Sarawak,Sebauh,Pandan Land District
Sarawak,Sebauh,Rasan Land District
Sarawak,Sebauh,Selezu Land District
Sarawak,Selangau,Arip Land District
Sarawak,Selangau,Buloh Land District
Sarawak,Selangau,Gigis Land District
Sarawak,Selangau,Lalai Land District
Sarawak,Selangau,Paku Land District
Sarawak,Selangau,Pelugau Land District
Sarawak,Selangau,Selangau Land District
Sarawak,Selangau,Spapa Land District
Sarawak,Serian,Bukar-Sadong Land District
Sarawak,Serian,Melikin Land District
Sarawak,Serian,Punda-Sabal  Land District
Sarawak,Serian,Samarahan Land District
Sarawak,Serian,Sedilu-Gedong Land District
Sarawak,Sibu,Assan Land District
Sarawak,Sibu,Engkilo Land District
Sarawak,Sibu,Kabang Land District
Sarawak,Sibu,Menyan Land District
Sarawak,Sibu,Pasai-Siong Land District
Sarawak,Sibu,Seduan Land District
Sarawak,Simunjan,Bukar-Sadong Land District
Sarawak,Simunjan,Melikin Land District
Sarawak,Simunjan,Menuku Land District
Sarawak,Simunjan,Punda-Sabal  Land District
Sarawak,Simunjan,Sebangan-Kepayang Land District
Sarawak,Simunjan,Sedilu-Gedong Land District
Sarawak,Song,Angkuah Land District
Sarawak,Song,Bangkit Land District
Sarawak,Song,Katibas Land District
Sarawak,Song,Plandok Land District
Sarawak,Sri Aman,Bijat Land District
Sarawak,Sri Aman,Klauh Land District
Sarawak,Sri Aman,Lesong Land District
Sarawak,Sri Aman,Selanjan Land District
Sarawak,Sri Aman,Silantek Land District
Sarawak,Sri Aman,Undup Land District
Sarawak,Subis,Bukit Kisi Land District
Sarawak,Subis,Niah Land District
Sarawak,Subis,Sawai Land District
Sarawak,Subis,Sibuti Land District
Sarawak,Subis,Suai Land District
Sarawak,Tanjung Manis,Buan Land District
Sarawak,Tanjung Manis,Kedang Land District
Sarawak,Tatau,Anap Land District
Sarawak,Tatau,Buan Land District
Sarawak,Tatau,Kakus Land District
Sarawak,Tatau,Sangan Land District
Sarawak,Tebedu,Kayan Land District
Sarawak,Tebedu,Pangkalan Ampat Land District
Sarawak,Tebedu,Sungai Kedup Land District
Sarawak,Telang Usan,Akah Land District
Sarawak,Telang Usan,Patah Land District
Sarawak,Telang Usan,Silat Land District
Sarawak,Telang Usan,Telang Usang Land District
Sarawak,Telang Usan,Tutoh Land District
Selangor,Gombak,Bandar Selayang
Selangor,Gombak,Mukim Batu
Selangor,Gombak,Mukim Rawang
Selangor,Gombak,Mukim Setapak
Selangor,Gombak,Mukim Ulu Kelang
Selangor,Hulu Langat,Mukim Ampang
Selangor,Hulu Langat,Mukim Beranang
Selangor,Hulu Langat,Mukim Cheras
Selangor,Hulu Langat,Mukim Hulu Langat
Selangor,Hulu Langat,Mukim Kajang
Selangor,Hulu Langat,Mukim Semenyih
Selangor,Hulu Langat,Mukim Ulu Semenyih
Selangor,Hulu Selangor,Mukim Ampang Pechah
Selangor,Hulu Selangor,Mukim Batang Kali
Selangor,Hulu Selangor,Mukim Buloh Telor
Selangor,Hulu Selangor,Mukim Kalumpang
Selangor,Hulu Selangor,Mukim Kerling
Selangor,Hulu Selangor,Mukim Kuala Kalumpang
Selangor,Hulu Selangor,Mukim Peretak
Selangor,Hulu Selangor,Mukim Rasa
Selangor,Hulu Selangor,Mukim Serendah
Selangor,Hulu Selangor,Mukim Sungai Gumut
Selangor,Hulu Selangor,Mukim Sungai Tinggi
Selangor,Hulu Selangor,Mukim Ulu Bernam
Selangor,Hulu Selangor,Mukim Ulu Yam
Selangor,Klang,Mukim Kapar
Selangor,Klang,Mukim Klang
Selangor,Kuala Langat,Mukim Bandar
Selangor,Kuala Langat,Mukim Batu
Selangor,Kuala Langat,Mukim Jugra
Selangor,Kuala Langat,Mukim Kelanang
Selangor,Kuala Langat,Mukim Morib
Selangor,Kuala Langat,Mukim Tanjong Duabelas
Selangor,Kuala Langat,Mukim Telok Panglima Garang
Selangor,Kuala Selangor,Mukim Api-Api
Selangor,Kuala Selangor,Mukim Bestari Jaya
Selangor,Kuala Selangor,Mukim Ijok
Selangor,Kuala Selangor,Mukim Jeram
Selangor,Kuala Selangor,Mukim Kuala Selangor
Selangor,Kuala Selangor,Mukim Pasangan
Selangor,Kuala Selangor,Mukim Tanjong Karang
Selangor,Kuala Selangor,Mukim Ujong Permatang
Selangor,Kuala Selangor,Mukim Ulu Tinggi
Selangor,Petaling,Mukim Bukit Raja
Selangor,Petaling,Mukim Damansara
Selangor,Petaling,Mukim Petaling
Selangor,Petaling,Mukim Sungai Buloh
Selangor,Sabak Bernam,Mukim Bagan Nakhoda Omar
Selangor,Sabak Bernam,Mukim Panchang Bedena
Selangor,Sabak Bernam,Mukim Pasir Panjang
Selangor,Sabak Bernam,Mukim Sabak
Selangor,Sabak Bernam,Mukim Sungai Panjang
Selangor,Sepang,Bandar Cyberjaya
Selangor,Sepang,Mukim Dengkil
Selangor,Sepang,Mukim Labu
Selangor,Sepang,Mukim Sepang
Terengganu,Besut,Mukim Bukit Kenak
Terengganu,Besut,Mukim Bukit Peteri
Terengganu,Besut,Mukim Hulu Besut
Terengganu,Besut,Mukim Jabi
Terengganu,Besut,Mukim Kampung Raja
Terengganu,Besut,Mukim Keluang
Terengganu,Besut,Mukim Kerandang
Terengganu,Besut,Mukim Kuala Besut
Terengganu,Besut,Mukim Kubang Bemban
Terengganu,Besut,Mukim Lubuk Kawah
Terengganu,Besut,Mukim Pangkalan Nangka
Terengganu,Besut,Mukim Pasir Akar
Terengganu,Besut,Mukim Pelagat
Terengganu,Besut,Mukim Pulau Perhentian
Terengganu,Besut,Mukim Tembila
Terengganu,Besut,Mukim Tenang
Terengganu,Dungun,Mukim Besul
Terengganu,Dungun,Mukim Hulu Paka
Terengganu,Dungun,Mukim Jengai
Terengganu,Dungun,Mukim Jerangau
Terengganu,Dungun,Mukim Kuala Abang
Terengganu,Dungun,Mukim Kuala Dungun
Terengganu,Dungun,Mukim Kuala Paka
Terengganu,Dungun,Mukim Kumpal
Terengganu,Dungun,Mukim Pasir Raja
Terengganu,Dungun,Mukim Rasau
Terengganu,Dungun,Mukim Sura
Terengganu,Hulu Terengganu,Mukim Hulu Berang
Terengganu,Hulu Terengganu,Mukim Hulu Telemung
Terengganu,Hulu Terengganu,Mukim Hulu Terengganu
Terengganu,Hulu Terengganu,Mukim Jenagur
Terengganu,Hulu Terengganu,Mukim Kuala Berang
Terengganu,Hulu Terengganu,Mukim Kuala Telemung
Terengganu,Hulu Terengganu,Mukim Penghulu Diman
Terengganu,Hulu Terengganu,Mukim Tanggul
Terengganu,Hulu Terengganu,Mukim Tersat
Terengganu,Kemaman,Mukim Bandi
Terengganu,Kemaman,Mukim Banggul
Terengganu,Kemaman,Mukim Binjai
Terengganu,Kemaman,Mukim Cukai
Terengganu,Kemaman,Mukim Hulu Cukai
Terengganu,Kemaman,Mukim Hulu Jabur
Terengganu,Kemaman,Mukim Kemasik
Terengganu,Kemaman,Mukim Kertih
Terengganu,Kemaman,Mukim Kijal
Terengganu,Kemaman,Mukim Pasir Semut
Terengganu,Kemaman,Mukim Tebak
Terengganu,Kemaman,Mukim Teluk Kalung
Terengganu,Kuala Nerus,Mukim Batu Rakit
Terengganu,Kuala Nerus,Mukim Kuala Nerus
Terengganu,Kuala Nerus,Mukim Pakoh
Terengganu,Kuala Nerus,Mukim Pulau Redang
Terengganu,Kuala Terengganu,Mukim Atas Tol
Terengganu,Kuala Terengganu,Mukim Batu Buruk
Terengganu,Kuala Terengganu,Mukim Belara
Terengganu,Kuala Terengganu,Mukim Bukit Besar
Terengganu,Kuala Terengganu,Mukim Cabang Tiga
Terengganu,Kuala Terengganu,Mukim Cenering
Terengganu,Kuala Terengganu,Mukim Gelugur Kedai
Terengganu,Kuala Terengganu,Mukim Gelugur Raja
Terengganu,Kuala Terengganu,Mukim Kepung
Terengganu,Kuala Terengganu,Mukim Kuala Ibai
Terengganu,Kuala Terengganu,Mukim Kubang Parit
Terengganu,Kuala Terengganu,Mukim Losong
Terengganu,Kuala Terengganu,Mukim Manir
Terengganu,Kuala Terengganu,Mukim Paluh
Terengganu,Kuala Terengganu,Mukim Pengadang Buluh
Terengganu,Kuala Terengganu,Mukim Pulau-Pulau
Terengganu,Kuala Terengganu,Mukim Rengas
Terengganu,Kuala Terengganu,Mukim Serada
Terengganu,Kuala Terengganu,Mukim Tuk Jamal
Terengganu,Marang,Mukim Alur Limbat
Terengganu,Marang,Mukim Bukit Payung
Terengganu,Marang,Mukim Jerung
Terengganu,Marang,Mukim Mercang
Terengganu,Marang,Mukim Pulau Kerengga
Terengganu,Marang,Mukim Rusila
Terengganu,Setiu,Mukim Caluk
Terengganu,Setiu,Mukim Guntung
Terengganu,Setiu,Mukim Hulu Nerus
Terengganu,Setiu,Mukim Hulu Setiu
Terengganu,Setiu,Mukim Merang
Terengganu,Setiu,Mukim Pantai
Terengganu,Setiu,Mukim Tasik
W.P. Kuala Lumpur,Kuala Lumpur,Bandar Kuala Lumpur
W.P. Kuala Lumpur,Kuala Lumpur,Mukim Batu
W.P. Kuala Lumpur,Kuala Lumpur,Mukim Kuala Lumpur
W.P. Kuala Lumpur,Kuala Lumpur,Mukim Petaling
W.P. Kuala Lumpur,Kuala Lumpur,Mukim Setapak
W.P. Labuan,Labuan,Desa
W.P. Putrajaya,Putrajaya,Bandar Putrajaya
